ID,Name,Timestamp,Method
11,SS,2025-02-24 19:04:18,Image Upload
11,SS,2025-02-24 19:06:31,Image Upload
22,JJ,2025-02-24 19:08:25,Image Upload
1,Gandhi,2025-02-25 07:55:05,Image Upload,virennvr@gmail.com
2,Gandhi Friend 1,2025-02-25 07:55:42,Image Upload,virennvr@gmail.com
3,Gandhi Friend 2,2025-02-25 07:56:04,Image Upload,virennvr@gmail.com
3,Gandhi Friend 3,2025-02-25 07:56:36,Image Upload,virennvr@gmail.com
55,Gandhi Friend 4,2025-02-25 07:57:04,Image Upload,virennvr@gmail.com
0,Gandhi,2025-02-25 08:04:51,Image Upload,virennvr@gmail.com
1,Gandhi Friend 1,2025-02-25 08:05:17,Image Upload,virennvr@gmail.com
2,Gandhi Friend 2,2025-02-25 08:05:38,Image Upload,virennvr@gmail.com
3,Gandhi Friend 3,2025-02-25 08:05:59,Image Upload,virennvr@gmail.com
4,Gandhi Friend 4,2025-02-25 08:06:21,Image Upload,virennvr@gmail.com
